./data/plan/data_1202131/plan_1202131_0120203506.csv,kacho,"2021/01/20 20:35",花火が見たい,"同じ花火は来年見られないですよ。
一生に一度の花火を綺麗にみるプラン",4,139.53368545,35.64205801,13
./data/plan/data_6211605/plan_6211605_0117215314.csv,rockbook,"2021/1/17 21:53",電通大発着のお散歩コース,電通大から京王多摩川、国領を経て、布多天神まで戻るコース。映画関係、季節のお花、遺跡等々バラエティに富んだお散歩コースです。,10,139.547263,35.64962965,12
./data/plan/data_6114805/plan_6114805_0122231116.csv,mame,"2021/01/22 23:11",調布のパン屋さん,調布にあるパン屋さんを集めてみました！,0,139.54863282463,35.649267439587,13
./data/plan/data_6114805/plan_6114805_0122231116.csv,mame,"2021/01/22 23:11",調布のパン屋さん,調布にあるパン屋さんを集めてみました！,1,139.54863282463,35.649267439587,13
./data/plan/data_6114805/plan_6114805_0122231116.csv,mame,"2021/01/22 23:11",調布のパン屋さん,調布にあるパン屋さんを集めてみました！,2,139.54863282463,35.649267439587,13
./data/plan/data_6114805/plan_6114805_0122231116.csv,mame,"2021/01/22 23:11",調布のパン屋さん,調布にあるパン屋さんを集めてみました！,3,139.54863282463,35.649267439587,13
./data/plan/data_6114805/plan_6114805_0122231116.csv,mame,"2021/01/22 23:11",調布のパン屋さん,調布にあるパン屋さんを集めてみました！,4,139.54863282463,35.649267439587,13
./data/plan/data_6114805/plan_6114805_0122231116.csv,mame,"2021/01/22 23:11",調布のパン屋さん,調布にあるパン屋さんを集めてみました！,5,139.54863282463,35.649267439587,13
./data/plan/data_6114805/plan_6114805_0122231116.csv,mame,"2021/01/22 23:11",調布のパン屋さん,調布にあるパン屋さんを集めてみました！,6,139.54863282463,35.649267439587,13
./data/plan/data_6114805/plan_6114805_0122231116.csv,mame,"2021/01/22 23:11",調布のパン屋さん,調布にあるパン屋さんを集めてみました！,7,139.54863282463,35.649267439587,13
./data/plan/data_6114805/plan_6114805_0122231116.csv,mame,"2021/01/22 23:11",調布のパン屋さん,調布にあるパン屋さんを集めてみました！,8,139.54863282463,35.649267439587,13
./data/plan/data_6114805/plan_6114805_0122231116.csv,mame,"2021/01/22 23:11",調布のパン屋さん,調布にあるパン屋さんを集めてみました！,9,139.54863282463,35.649267439587,13
./data/plan/data_6114805/plan_6114805_0122231116.csv,mame,"2021/01/22 23:11",調布のパン屋さん,調布にあるパン屋さんを集めてみました！,10,139.54863282463,35.649267439587,13
./data/plan/data_6114805/plan_6114805_0122231116.csv,mame,"2021/01/22 23:11",調布のパン屋さん,調布にあるパン屋さんを集めてみました！,11,139.54863282463,35.649267439587,13
